Model,RMSE,MAE,msle_score,R-squared
lstm,3.1632319259428043,2.3843058350100605,0.1565599020772652,0.6257032564186751
