Model,RMSE,MAE,msle_score,R-squared
ensemble,4.091582,2.879907,0.13812828,0.860235376746747
