Model,RMSE,MAE,msle_score,R-squared
ensemble,3.085323,2.3653042,0.15702592,0.6439137078816687
