Model,RMSE,MAE,msle_score,R-squared
bi_gru,4.081819032302403,2.8915989159891597,0.158933897285148,0.8609015717497668
