Model,RMSE,MAE,msle_score,R-squared
bi_lstm,4.1322972737700745,2.897018970189702,0.14519254197658002,0.8574399485353417
