Model,RMSE,MAE,msle_score,R-squared
gru,4.078996369465633,2.9390243902439024,0.14745922456715702,0.8610938841505682
