Model,RMSE,MAE,msle_score,R-squared
lstm,4.066186830281337,2.910569105691057,0.153983725994439,0.8619649462012569
