Model,RMSE,MAE,msle_score,R-squared
gru,3.1183883780662653,2.3923541247484907,0.15729246973444275,0.636240466171618
