Model,RMSE,MAE,msle_score,R-squared
bi_gru,3.1721245633601525,2.4124748490945676,0.16509865806801788,0.6235958144680864
