Model,RMSE,MAE,msle_score,R-squared
bi_lstm,3.1654574273469667,2.398390342052314,0.17039877242471757,0.6251763959310279
